Workbook

Sheet 基础
A1: 单位名称 | B1: 兵种 | C1: 血量 | D1: 攻击 | E1: 防御 | F1: 移动 | G1: 主动性 | H1: 装备槽 | I1: 装甲 | J1: 反装甲 | K1: 视野 | L1: 攻击距离 | M1: 攻击方式 | N1: 生产花费
N2: 征召令 | O2: 钢铁
A3: 基础步兵 | B3: 步兵 | C3: 200 | D3: 40 | E3: 20 | F3: 5 | G3: 5 | H3: 1 | I3: 0 | J3: 6 | K3: 4 | L3: 1 | M3: 枪械 | N3: 120
A4: 轻步兵 | B4: 步兵 | C4: 180 | D4: 30 | E4: 18 | F4: 7 | G4: 7 | H4: 0 | I4: 0 | J4: 4 | K4: 5 | L4: 1 | M4: 枪械 | N4: 100
A5: 重步兵 | B5: 步兵 | C5: 240 | D5: 55 | E5: 30 | F5: 5 | G5: 5 | H5: 1 | I5: 0 | J5: 7 | K5: 4 | L5: 1 | M5: 枪械 | N5: 130 | O5: 10
A6: 突击步兵 | B6: 步兵 | C6: 220 | D6: 45 | E6: 20 | F6: 6 | G6: 6 | H6: 1 | I6: 0 | J6: 4 | K6: 5 | L6: 1 | M6: 冲锋枪 | N6: 130
A7: 机枪装甲车 | B7: 载具 | C7: 300 | D7: 55 | E7: 30 | F7: 7 | G7: 8 | H7: 1 | I7: 8 | J7: 5 | K7: 7 | L7: 1 | M7: 机枪 | N7: 160 | O7: 20
A8: 机炮装甲车 | B8: 载具 | C8: 300 | D8: 60 | E8: 30 | F8: 7 | G8: 8 | H8: 1 | I8: 8 | J8: 5 | K8: 7 | L8: 1 | M8: 机炮 | N8: 160 | O8: 20
A9: 机枪轻坦 | B9: 载具 | C9: 360 | D9: 55 | E9: 35 | F9: 8 | G9: 6 | H9: 1 | I9: 10 | J9: 7 | K9: 6 | L9: 1 | M9: 机枪 | N9: 180 | O9: 35
A10: 机炮轻坦 | B10: 载具 | C10: 360 | D10: 60 | E10: 35 | F10: 8 | G10: 6 | H10: 1 | I10: 10 | J10: 7 | K10: 6 | L10: 1 | M10: 机炮 | N10: 180 | O10: 35
A11: 中坦 | B11: 载具 | C11: 400 | D11: 75 | E11: 40 | F11: 7 | G11: 5 | H11: 1 | I11: 14 | J11: 12 | K11: 5 | L11: 1 | M11: 坦克炮 | N11: 200 | O11: 50
A12: 重坦 | B12: 载具 | C12: 600 | D12: 90/75 | E12: 50 | F12: 6 | G12: 5 | H12: 2 | I12: 20 | J12: 18 | K12: 4 | L12: 1~2 | M12: 坦克炮 | N12: 260 | O12: 70
A13: 轻型火炮 | B13: 火炮 | C13: 240 | D13: 60 | E13: 10 | F13: 5 | G13: 4 | H13: 1 | I13: 0 | J13: 8 | K13: 4 | L13: 1~2 | M13: 火炮 | N13: 100 | O13: 10
A14: 中型火炮 | B14: 火炮 | C14: 300 | D14: 70 | E14: 15 | F14: 4 | G14: 4 | H14: 1 | I14: 0 | J14: 12 | K14: 4 | L14: 1~3 | M14: 火炮 | N14: 130 | O14: 20
A15: 重型火炮 | B15: 火炮 | C15: 360 | D15: 90 | E15: 20 | F15: 4 | G15: 4 | H15: 2 | I15: 0 | J15: 15 | K15: 4 | L15: 2~3 | M15: 火炮 | N15: 175 | O15: 30
A16: 轻型反坦克炮 | B16: 火炮 | C16: 240 | D16: 55 | E16: 10 | F16: 5 | G16: 4 | H16: 1 | I16: 0 | J16: 15 | K16: 4 | L16: 1~2 | M16: 反载具火炮 | N16: 110 | O16: 10
A17: 中型反坦克炮 | B17: 火炮 | C17: 300 | D17: 65 | E17: 15 | F17: 4 | G17: 4 | H17: 1 | I17: 0 | J17: 18 | K17: 4 | L17: 1~3 | M17: 反载具火炮 | N17: 135 | O17: 35
A18: 重型反坦克炮 | B18: 火炮 | C18: 360 | D18: 80 | E18: 20 | F18: 4 | G18: 4 | H18: 2 | I18: 0 | J18: 25 | K18: 4 | L18: 2~3 | M18: 反载具火炮 | N18: 175 | O18: 45

Sheet 主动性
A1: 主动性差值计算方式 | D1: 该数值说明防守方在战斗中的主观能动性
A2: 差值=防御方-进攻方
A3: 差值 x | B3: 倍率
A4: x＞5 | B4: 2
A5: 3＜x≤5 | B5: 1.5
A6: 1＜x≤3 | B6: 1.3
A7: x=1 | B7: 1.2
A8: -3<x<1 | B8: 1
A9: x＜-3 | B9: 0.8

Sheet 穿甲
A1: 装甲与反装甲 | B1: 当单位有装甲时该机制会进行计算，以下是装甲与反装甲造成伤害计算方式
A2: 反装甲/装甲 x | B2: 含义 | C2: 伤害倍率
A3: x＞1.2 | B3: 深穿 | C3: 2
A4: 1＜ x≤1.2 | B4: 穿甲 | C4: 1.3
A5: 0.8＜x≤1 | B5: 可穿 | C5: 1
A6: 0.5＜x≤0.8 | B6: 未穿 | C6: 0.7
A7: x≤0.5 | B7: 跳弹 | C7: 0.5

Sheet 等级
A2: 等级 | B2: 攻击 | C2: 防御 | D2: 反甲
A3: 5 | B3: +10 | C3: +5 | D3: +2
A4: 4 | B4: +7 | C4: +4 | D4: +1
A5: 3 | B5: +4 | C5: +3 | D5: +1
A6: 2 | B6: +2 | C6: +2
A7: 1 | B7: 0 | C7: 0

Sheet 进攻方式
E1: A列表示攻击方 | F1: 行2表示攻击目标 | G1: 两者相交表示伤害方式
B2: 步兵 | C2: 载具 | D2: 火炮
A3: 步兵 | B3: 枪械 | C3: 枪械 | D3: 枪械
A4: 轻步兵 | B4: 枪械 | C4: 枪械 | D4: 枪械
A5: 重步兵 | B5: 枪械 | C5: 枪械 | D5: 枪械
A6: 突击步兵 | B6: 冲锋枪 | C6: 冲锋枪 | D6: 冲锋枪
A7: 机枪装甲车 | B7: 机枪 | C7: 机枪 | D7: 机枪
A8: 机炮装甲车 | B8: 机炮 | C8: 机炮 | D8: 机炮
A9: 机枪轻坦 | B9: 机枪 | C9: 机枪 | D9: 机枪
A10: 机炮轻坦 | B10: 机炮 | C10: 机炮 | D10: 机炮
A11: 中坦 | B11: 坦克炮 | C11: 坦克炮 | D11: 坦克炮
A12: 重坦 | B12: 坦克炮 | C12: 坦克炮 | D12: 坦克炮
A13: 轻型火炮 | B13: 火炮 | C13: 火炮 | D13: 火炮
A14: 中型火炮 | B14: 火炮 | C14: 火炮 | D14: 火炮
... A18: 重型反坦克炮 | B18: 反载具 | C18: 反载具 | D18: 反载具

Sheet 攻击倍率
A1: 攻击方式对单位伤害的倍率影响
B2: 步兵 | C2: 载具 | D2: 火炮
A3: 枪械 | B3: 1 | C3: 0.85 | D3: 1.2
A4: 冲锋枪 | B4: 1.2 | C4: 0.67 | D4: 1.3
A5: 机枪 | B5: 1 | C5: 0.9 | D5: 1.3
A6: 机炮 | B6: 1.1 | C6: 0.95 | D6: 1.4
A7: 坦克炮 | B7: 1.2 | C7: 1 | D7: 1.5
A8: 火炮 | B8: 1.5 | C8: 1.1 | D8: 1.5
A9: 反载具武器 | B9: 0.9 | C9: 1.5 | D9: 1.2

Sheet 士气
A2: 士气 | B2: 攻防倍率 | C2: 随机数基数影响 | D2: 移动影响
A3: 极高 | B3: 1.5 | C3: +0.2 | D3: +1
A4: 高 | B4: 1.3 | C4: +0.15
A5: 无 | B5: 1
A6: 低落 | B6: 0.8 | C6: -0.07
A7: 混乱 | B7: 0.5 | C7: -0.15 | D7: 无法移动

Sheet 装备 乘员
A1: 装备在解锁该系统之后就会一直存在，占用一个装备槽
A2: 装备 | B2: 花费 | D2: 可装备单位种类 | G2: 属性加成 | H2: 局外科技提升 | I2: 备注
B3: 征召令 | C3: 钢铁 | D3: 步兵 | E3: 载具 | F3: 火炮
A4: 手持反坦 | B4: 40 | C4: 15 | D4: 是 | G4: +2 攻击 +2反装甲 -1移动 | H4: 是 | I4: 重步兵额外 +1攻击 +1反装甲 突击步兵额外 +2反装甲 +1移动
A5: 步兵炮 | B5: 30 | C5: 15 | D5: 是 | G5: +3攻击 -1移动 | H5: 是 | I5: 重步兵额外 +1攻击 +2反装甲 突击步兵额外 +1攻击 +1移动
A6: 山炮 | B6: 35 | C6: 20 | D6: 是 | G6: +3攻击 -1移动 | H6: 是 | I6: 重步兵额外 +1攻击 突击步兵额外 +1攻击 +1移动 取消所装备单位的山地移动惩罚
A7: 医疗连 | B7: 50 | C7: 10 | D7: 是 | G7: +10恢复/回合 | H7: 是
A8: 摩托化 | B8: 45 | C8: 10 | D8: 是 | G8: +3移动 | H8: 是 | I8: 与步兵战车互斥
A9: 步兵战车 | B9: 40 | C9: 20 | D9: 是 | G9: +2移动 +5防御 +5装甲 | H9: 是 | I9: 与摩托化互斥
A10: 自行车 | B10: 20 | C10: 5 | D10: 是 | G10: +1移动 | H10: 是 | I10: 减少部分地形移动惩罚
A11: 望远镜 | B11: 20 | C11: 5 | D11: 是 | E11: 是 | F11: 是 | G11: +1视野 +1主动性 | H11: 是 | I11: 轻型额外+1射程 最外射程攻击-4 中型额外+1射程 最外射程攻击-4 重型取消最小射程
A12: 电台 | B12: 25 | C12: 10 | D12: 是 | E12: 是 | F12: 是 | G12: +1主动性 +3防御 | H12: 是 | I12: 步兵额外+5防御 坦克额外+5攻击
A13: 火炮卡车 | B13: 40 | C13: 20 | F13: 是 | G13: +2移动 +1主动 +3防御 -5攻击 | H13: 是
A14: 维修工具 | B14: 50 | C14: 20 | E14: 是 | F14: 是 | G14: +15恢复/回合 | H14: 是

Sheet 伤害计算
A1: 进攻方造成伤害 | B1: MAX（(攻击*攻方士气加成*攻击效果倍率-防御*守方士气加成)，40）*反装甲倍率*基础随机数
A2: 防守方造成伤害 | B2: MAX（(攻击*受方士气加成*攻击效果倍率*主动性效果倍率-防御*攻方士气加成)，40）*反装甲倍率*基础随机数
A3: 基础随机数 | B3: 0.9+0.25*RAND() | C3: 0.9为随机数基数 | D3: 0.25*rand()是让伤害随机
A4: 基础伤害值 | B4: 40 | C4: 30
A6: 输入区 | E6: 输出区
B7: 进攻方 | C7: 防守方 | F7: 进攻 | G7: 防守反击
A8: 单位种类 | B8: 基础步兵 | C8: 基础步兵 | E8: 攻击力 | F8: =B12 -> 40 | G8: =C12 -> 40
A9: 等级 | B9: 1 | C9: 1 | E9: 反甲比值 | F9: =IF(C14=0,"无装甲", B15/ C14) -> 无装甲 | G9: =IF(B14=0,"无装甲", C15 / B14) -> 无装甲
A10: 士气 | B10: 无 | C10: 无 | E10: 反甲倍率 | F10: =IF(F9="无装甲", 1, IF(F9>1.2, 2, IF(F9>1, 1.3, IF(F9>0.8, 1, IF(F9>0.5, 0.7, 0.5))))) -> 1 | G10: =IF(G9="无装甲", 1, IF(G9>1.2, 2, IF(G9>1, 1.3, IF(G9>0.8, 1, IF(G9>0.5, 0.7, 0.5))))) -> 1
A11: 血量 | B11: =VLOOKUP(B8, 基础!A:J, 3, 0) -> 200 | C11: =VLOOKUP(C8, 基础!A:J, 3, 0) -> 200 | E11: 攻击效果倍率 | F11: =VLOOKUP(VLOOKUP(B8, 基础!A:M, 13, 0), 攻击倍率!A:D, IF(VLOOKUP(C8, 基础!A:B, 2, 0)="步兵", 2, IF(VLOOKUP(C8, 基础!A:B, 2, 0)="载具", 3, 4)), 0) -> 1 | G11: =VLOOKUP(VLOOKUP(C8, 基础!A:M, 13, 0), 攻击倍率!A:D, IF(VLOOKUP(B8, 基础!A:B, 2, 0)="步兵", 2, IF(VLOOKUP(B8, 基础!A:B, 2, 0)="载具", 3, 4)), 0) -> 1
A12: 攻击力 | B12: =IF(B8="重坦", IF(B17>=2, 75, 90), VLOOKUP(B8, 基础!A:D, 4, 0)) + IFERROR(VLOOKUP(B9, 等级!A:B, 2, 0), 0) -> 40 | C12: =IF(C8="重坦", IF(B17>=2, 75, 90), VLOOKUP(C8, 基础!A:D, 4, 0)) + IFERROR(VLOOKUP(C9, 等级!A:B, 2, 0), 0) -> 40 | E12: 防御力 | F12: =(VLOOKUP(C8, 基础!A:E, 5, 0) + IFERROR(VLOOKUP(C9, 等级!A:C, 3, 0), 0)) * VLOOKUP(C10, 士气!A:B, 2, 0) -> 20 | G12: =(VLOOKUP(B8, 基础!A:E, 5, 0) + IFERROR(VLOOKUP(B9, 等级!A:C, 3, 0), 0)) * VLOOKUP(B10, 士气!A:B, 2, 0) -> 20
A13: 防御力 | B13: =(VLOOKUP(B8, 基础!A:E, 5, 0) + IFERROR(VLOOKUP(B9, 等级!A:C, 3, 0), 0)) * VLOOKUP(B10, 士气!A:B, 2, 0) -> 20 | C13: =(VLOOKUP(C8, 基础!A:E, 5, 0) + IFERROR(VLOOKUP(C9, 等级!A:C, 3, 0), 0)) * VLOOKUP(C10, 士气!A:B, 2, 0) -> 20 | E13: 主动性差值倍率 | F13: - | G13: =_xlfn.LET(_xlpm.diff, C16 - B16, IF(_xlpm.diff>5, 2, IF(_xlpm.diff>3, 1.5, IF(_xlpm.diff>1, 1.3, IF(_xlpm.diff=1, 1.2, IF(_xlpm.diff>-3, 1, 0.8)))))) -> 1
A14: 装甲 | B14: =VLOOKUP(B8, 基础!A:J, 9, 0) -> 0 | C14: =VLOOKUP(C8, 基础!A:J, 9, 0) -> 0 | E14: 伤害最小值 | F14: =MAX((F8 * VLOOKUP(B10, 士气!A:B, 2, 0) * F11- F12), B4) * F10* 0.9 -> 36 | G14: =MAX((G8*G11*VLOOKUP(C10,士气!A:B,2,0)*G13-G12),C4)*G10*0.9 -> 27
A15: 反装甲 | B15: =VLOOKUP(B8, 基础!A:J, 10, 0) + IFERROR(VLOOKUP(B9, 等级!A:D, 4, 0), 0) -> 6 | C15: =VLOOKUP(C8, 基础!A:J, 10, 0) + IFERROR(VLOOKUP(C9, 等级!A:D, 4, 0), 0) -> 6 | E15: 伤害随机值 | F15: =MAX((F8 * VLOOKUP(B10, 士气!A:B, 2, 0)* F11 - F12), B4) * F10* (0.9 + 0.25 * RAND()) -> 44.47212 | G15: =MAX((G8*G11*VLOOKUP(C10,士气!A:B,2,0)*G13-G12),C4)*G10*(0.9+0.25*RAND()) -> 31.552117
A16: 主动性 | B16: =VLOOKUP(B8, 基础!A:J,7, 0) -> 5 | C16: =VLOOKUP(C8, 基础!A:J, 7, 0) -> 5 | E16: 伤害最大值 | F16: =MAX((F8 * VLOOKUP(B10, 士气!A:B, 2, 0)* F11 - F12),B4) * F10* (0.9 + 0.25) -> 46 | G16: =MAX((G8*G11*VLOOKUP(C10,士气!A:B,2,0)*G13-G12),C4)*G10*(0.9 + 0.25) -> 34.5
A17: 交战距离 | B17: 1
